user,items,ratings
1,395,1
1,267,3
1,239,1
1,330,3
1,188,1
1,55,5
1,234,3
1,31,3
1,44,2
1,207,2
1,98,1
1,281,4
1,169,3
1,209,3
1,84,4
1,183,4
1,26,5
1,319,4
1,133,1
1,22,4
1,28,4
1,180,5
1,97,1
1,92,5
1,198,3
1,75,1
1,178,2
1,113,5
2,6,2
2,326,3
2,293,1
2,202,4
2,351,2
2,61,2
2,28,5
2,248,1
2,260,5
2,298,5
2,328,1
2,63,1
2,42,1
2,54,2
2,131,3
2,158,1
2,130,3
2,395,2
2,53,3
2,113,3
2,110,4
2,325,3
2,289,2
2,5,5
2,267,1
2,44,5
2,146,5
2,188,3
2,159,2
2,251,2
2,74,4
2,123,5
2,332,3
2,167,5
2,56,1
2,266,2
2,136,5
2,147,4
2,296,4
3,313,1
3,177,2
3,33,2
3,105,3
3,238,5
3,144,5
3,269,5
3,393,5
3,320,3
3,295,2
3,284,4
3,251,2
3,363,4
3,329,5
3,228,3
3,322,4
3,244,2
3,328,1
3,150,3
3,325,1
3,55,3
3,167,4
3,172,5
3,146,5
3,3,4
3,263,3
3,303,3
3,87,3
3,165,2
3,266,3
3,151,2
3,59,5
3,14,2
3,118,4
3,76,1
3,171,4
3,179,4
3,220,3
4,154,5
4,134,2
4,313,2
4,300,3
4,310,4
4,262,4
4,342,2
4,116,2
4,275,1
4,17,4
4,44,4
4,56,3
4,375,3
4,126,1
4,366,5
4,389,2
4,299,5
4,281,3
4,28,3
4,345,4
4,360,3
5,386,3
5,137,5
5,10,2
5,26,2
5,8,4
5,85,5
5,159,1
5,303,4
5,209,1
5,88,5
5,375,3
5,259,4
5,27,5
5,243,3
5,42,1
5,234,3
5,86,4
5,252,1
5,142,2
5,122,2
5,123,5
5,153,4
5,330,5
5,145,1
5,279,4
5,310,5
5,381,2
5,25,4
5,12,5
5,206,2
5,45,4
5,77,3
5,395,4
5,277,4
5,348,5
5,301,5
5,253,1
5,162,1
6,118,4
6,267,5
6,371,3
6,203,3
6,297,2
6,79,1
6,109,1
6,331,1
6,172,5
6,205,5
6,380,4
6,230,4
6,146,2
6,47,4
6,184,3
6,259,1
6,340,1
6,120,3
6,313,2
6,159,3
6,84,2
6,363,5
6,372,1
6,147,3
6,239,2
6,176,1
6,387,3
6,379,4
6,61,4
6,138,5
6,246,5
6,249,4
6,295,1
6,272,1
6,366,3
6,178,3
6,257,4
6,207,1
6,334,1
6,310,1
6,352,4
6,107,5
7,51,5
7,78,2
7,249,3
7,139,5
7,113,2
7,307,3
7,360,5
7,352,1
7,305,4
7,24,5
7,325,2
7,104,3
7,111,4
7,6,1
7,60,1
7,128,5
7,71,5
7,383,4
7,379,1
7,311,3
7,397,3
7,309,1
7,196,5
7,74,2
7,353,2
7,67,1
7,356,3
7,188,1
7,391,3
7,192,2
7,254,1
7,297,1
7,40,4
8,22,1
8,294,3
8,110,5
8,189,1
8,299,4
8,143,2
8,134,1
8,184,4
8,320,3
8,49,4
8,377,2
8,11,4
8,389,2
8,357,4
8,326,1
8,343,3
8,304,5
8,106,5
8,171,4
8,99,1
8,233,2
8,342,1
8,254,4
8,385,2
8,177,1
8,56,4
8,157,3
8,38,5
8,148,2
8,222,5
8,386,5
8,220,5
8,160,4
8,172,1
8,235,3
8,129,2
8,28,1
8,113,5
8,252,5
8,226,4
8,334,4
8,174,3
8,209,3
8,15,1
8,360,5
8,218,4
9,303,3
9,139,4
9,81,4
9,360,3
9,316,4
9,53,1
9,101,3
9,337,5
9,342,2
9,35,1
9,187,1
9,50,5
9,94,1
9,82,1
9,175,4
9,169,2
9,115,5
9,255,3
9,219,4
9,124,3
9,23,5
9,157,3
9,251,5
9,210,3
9,33,5
9,133,3
9,25,1
9,60,5
9,67,1
9,20,5
9,394,2
9,333,4
9,36,5
9,297,1
9,313,2
9,103,3
9,241,4
9,254,5
9,310,4
10,392,2
10,208,3
10,365,4
10,97,2
10,82,3
10,124,1
10,93,4
10,206,2
10,9,1
10,155,4
10,131,2
10,69,2
10,162,3
10,169,4
10,248,1
10,356,2
10,342,4
10,228,3
10,46,5
10,253,3
10,292,3
10,185,4
10,115,3
10,165,5
10,378,3
10,231,4
10,295,3
10,99,5
10,236,3
10,368,3
10,350,3
10,174,4
10,320,1
10,238,3
10,219,2
10,24,2
10,354,1
10,260,3
10,183,2
11,248,3
11,47,5
11,129,3
11,390,5
11,67,1
11,392,1
11,346,5
11,201,4
11,296,5
11,307,3
11,24,5
11,117,2
11,192,1
11,266,2
11,271,3
11,214,1
11,295,3
11,298,2
11,161,4
11,245,3
11,48,4
11,80,2
11,280,2
11,95,3
11,274,1
11,22,1
11,395,1
12,102,5
12,19,3
12,336,3
12,351,1
12,358,5
12,269,2
12,49,5
12,276,4
12,60,2
12,212,3
12,141,1
12,234,2
12,201,5
12,37,3
12,370,4
12,243,3
12,282,3
12,374,1
12,368,4
12,129,3
12,25,3
12,205,2
12,235,2
12,310,1
13,100,4
13,208,5
13,273,1
13,28,4
13,251,4
13,161,5
13,301,2
13,1,5
13,392,3
13,20,3
13,290,5
13,123,4
13,184,2
13,240,1
13,197,1
13,372,1
13,42,2
13,325,2
13,318,3
13,253,3
13,227,2
13,393,2
13,30,4
13,126,1
13,117,3
13,358,5
13,302,1
13,147,1
13,190,4
13,282,2
13,321,4
13,311,5
13,187,4
13,135,5
13,226,3
13,99,3
13,78,1
13,106,5
13,387,4
13,286,3
13,7,1
13,285,5
13,103,5
13,142,1
13,245,5
13,222,5
13,287,3
13,319,2
13,249,3
14,192,2
14,103,1
14,102,2
14,153,4
14,169,4
14,328,2
14,59,5
14,9,5
14,285,3
14,274,3
14,303,5
14,366,5
14,138,5
14,228,1
14,357,1
14,84,5
14,245,2
14,150,5
14,342,3
14,223,4
14,183,2
14,20,5
14,299,3
14,266,3
14,61,2
14,149,2
14,17,5
14,195,2
14,126,1
14,374,2
14,3,1
14,270,4
14,250,1
14,91,2
14,392,5
14,154,5
14,14,3
14,251,3
14,350,3
14,214,2
14,75,5
14,33,2
14,240,1
14,280,2
14,93,3
14,322,1
14,53,2
14,282,3
15,287,2
15,300,3
15,257,3
15,390,3
15,128,4
15,367,2
15,378,1
15,303,3
15,85,3
15,382,2
15,109,4
15,105,5
15,375,1
15,369,3
15,392,3
15,334,4
15,359,2
15,183,1
15,136,4
15,305,5
15,26,3
15,235,1
15,314,1
15,358,5
15,262,3
15,354,2
15,308,1
15,226,5
15,157,4
15,27,3
15,269,4
15,206,2
15,317,3
15,202,3
15,217,4
15,205,3
15,25,5
15,100,3
15,107,2
15,259,4
16,312,4
16,260,2
16,119,1
16,173,1
16,129,4
16,187,1
16,304,4
16,294,3
16,238,4
16,299,2
16,64,4
16,192,2
16,234,2
16,108,4
16,164,1
16,51,5
16,233,5
16,378,1
16,244,2
16,66,1
16,141,1
16,153,5
16,368,1
16,338,2
16,57,2
16,13,3
16,77,4
16,202,3
16,266,2
16,15,5
16,16,4
16,254,3
16,37,5
16,201,2
16,83,5
16,364,3
16,366,5
16,246,4
16,360,2
16,361,4
16,79,4
16,396,4
16,21,1
16,327,3
16,197,4
16,146,5
16,175,4
16,213,5
16,295,4
16,8,2
16,216,3
17,236,5
17,238,4
17,137,2
17,367,5
17,325,4
17,361,4
17,355,3
17,360,5
17,50,3
17,351,4
17,57,4
17,167,2
17,298,1
17,218,3
17,191,5
17,63,2
17,188,2
17,29,4
17,173,4
17,51,1
17,330,4
17,183,1
17,152,1
17,31,5
17,36,5
17,217,4
17,317,4
17,247,3
17,153,2
17,171,2
17,121,1
17,114,3
17,392,2
17,312,5
17,71,1
17,271,1
17,313,4
17,369,2
17,187,4
17,331,4
17,380,5
17,10,4
17,320,1
17,241,1
18,309,5
18,155,2
18,397,5
18,38,2
18,379,5
18,330,4
18,86,2
18,179,3
18,245,5
18,140,1
18,176,2
18,29,4
18,285,1
18,126,4
18,212,1
18,169,1
18,89,3
18,50,5
18,7,2
18,41,2
18,42,5
18,370,2
18,349,1
18,146,1
18,291,5
18,256,4
18,191,3
18,87,2
18,283,3
18,205,5
18,83,4
18,264,4
18,18,4
18,204,4
18,265,4
18,344,3
18,32,1
18,90,5
18,54,2
18,279,3
18,235,4
18,98,1
18,380,5
18,381,2
18,368,2
18,296,4
18,49,2
18,231,2
18,337,2
18,366,5
18,44,5
19,13,3
19,133,3
19,155,3
19,22,2
19,358,1
19,290,3
19,65,3
19,99,1
19,41,4
19,285,4
19,392,5
19,393,3
19,300,3
19,291,5
19,316,3
19,315,2
19,149,3
19,165,4
19,163,3
19,90,1
19,193,3
19,77,2
19,122,3
19,391,3
19,161,3
19,279,1
19,373,5
19,367,4
19,147,3
19,198,3
19,319,4
19,221,1
19,338,3
19,52,1
19,197,1
19,97,4
19,181,1
19,357,2
19,49,3
19,146,5
20,214,5
20,200,5
20,199,4
20,46,4
20,191,4
20,34,4
20,116,2
20,262,4
20,377,4
20,372,5
20,1,1
20,225,5
20,287,4
20,266,2
20,143,2
20,138,3
20,79,5
20,63,2
20,82,1
20,68,3
20,340,1
20,289,3
20,388,5
20,398,5
20,297,4
20,164,4
20,201,2
20,45,4
20,190,1
20,322,1
20,111,1
20,69,1
20,375,4
20,176,1
20,278,4
20,142,5
20,366,1
20,238,1
21,179,4
21,11,3
21,96,1
21,333,5
21,220,3
21,267,2
21,121,5
21,34,4
21,24,5
21,169,1
21,99,3
21,51,3
21,187,4
21,186,2
21,113,3
21,377,2
21,324,3
21,390,5
21,6,5
21,207,5
21,395,5
22,357,5
22,112,3
22,146,1
22,178,1
22,165,3
22,65,3
22,16,4
22,241,1
22,390,2
22,30,5
22,375,3
22,360,2
22,48,4
22,115,3
22,382,1
22,328,1
22,245,4
22,2,3
22,362,2
22,271,1
22,283,1
22,339,1
22,191,4
22,394,1
22,85,2
22,100,3
22,38,4
22,177,1
22,209,3
22,323,2
22,9,3
23,259,1
23,92,3
23,130,3
23,243,1
23,211,3
23,270,4
23,274,1
23,5,4
23,132,2
23,359,1
23,45,4
23,302,3
23,164,4
23,168,4
23,397,3
23,303,4
23,166,2
23,399,3
23,271,4
23,387,2
23,191,2
23,174,5
23,122,5
23,72,1
23,159,1
23,163,1
23,118,2
23,368,2
23,43,2
23,18,4
23,10,3
23,363,4
23,347,2
23,41,2
23,113,2
23,278,1
23,190,2
23,223,5
24,170,4
24,259,1
24,16,3
24,204,5
24,386,5
24,200,4
24,215,5
24,70,3
24,355,5
24,138,5
24,395,1
24,387,4
24,298,2
24,161,4
24,50,1
24,214,4
24,136,1
24,28,2
24,24,3
24,237,4
24,188,3
24,25,1
24,66,4
24,82,5
24,398,4
24,63,3
24,33,5
24,229,1
24,305,5
24,119,2
24,142,3
24,53,1
24,230,3
24,242,2
24,61,1
24,394,4
24,177,4
24,338,2
24,93,1
24,59,4
24,235,5
24,183,5
24,129,4
24,294,2
24,76,4
24,185,3
24,187,1
25,28,3
25,140,3
25,273,5
25,110,4
25,226,1
25,182,1
25,98,5
25,185,1
25,172,5
25,111,2
25,337,3
25,155,3
25,301,2
25,391,5
25,141,2
25,89,3
25,217,2
25,241,5
25,265,5
25,1,3
25,259,1
25,83,5
25,173,4
25,209,5
25,267,4
25,149,1
25,178,4
25,340,3
25,169,4
25,60,2
25,353,1
25,80,1
25,397,3
25,21,1
25,381,5
25,315,5
25,134,1
25,8,1
25,281,1
25,318,2
25,19,4
25,151,4
25,165,2
25,158,3
25,192,2
25,170,1
25,152,3
25,100,2
26,398,4
26,79,3
26,243,2
26,320,1
26,70,5
26,124,4
26,206,1
26,285,3
26,145,3
26,395,3
26,61,2
26,185,4
26,193,3
26,98,1
26,144,3
26,58,4
26,46,2
26,177,5
26,194,4
26,385,5
26,162,4
26,304,1
26,308,4
26,191,5
26,244,1
26,299,3
26,158,5
26,110,4
26,309,2
26,121,1
26,82,3
26,88,5
26,226,5
26,91,5
27,182,3
27,220,5
27,3,2
27,6,5
27,373,2
27,210,5
27,381,3
27,152,4
27,90,1
27,1,4
27,50,1
27,362,4
27,267,3
27,305,4
27,29,5
27,39,2
27,256,3
27,383,4
27,9,1
27,54,3
27,155,4
27,365,1
27,273,4
27,268,1
27,138,3
27,53,5
27,217,1
27,68,3
27,249,3
27,150,1
27,266,2
27,93,2
27,148,2
27,265,2
27,325,2
27,297,2
27,104,1
27,19,1
27,302,5
27,242,3
28,6,1
28,313,1
28,110,3
28,42,2
28,335,5
28,367,1
28,229,1
28,271,3
28,371,5
28,315,3
28,236,1
28,214,3
28,394,1
28,183,1
29,299,4
29,130,1
29,171,3
29,373,5
29,376,4
29,208,5
29,340,1
29,233,4
29,223,4
29,80,5
29,170,4
29,388,2
29,120,2
29,264,5
29,186,5
29,157,1
29,86,2
29,312,3
29,10,2
29,102,5
29,165,4
29,27,1
29,124,4
29,100,1
29,378,4
29,371,4
29,98,4
29,6,5
29,374,3
29,281,2
30,146,5
30,101,1
30,230,4
30,343,3
30,123,1
30,209,1
30,180,2
30,184,5
30,158,2
30,274,1
30,278,1
30,165,1
30,241,5
31,306,1
31,353,5
31,51,5
31,157,4
31,39,3
31,190,2
31,396,4
31,221,5
31,278,3
31,266,4
31,146,5
31,15,5
31,386,1
31,319,3
31,135,5
31,80,3
31,5,4
31,109,5
31,40,2
31,293,5
31,12,1
31,122,5
31,68,3
31,94,2
31,172,5
31,52,4
31,100,5
31,385,1
31,46,3
31,171,5
31,213,2
31,224,3
31,325,5
31,139,4
31,151,2
31,296,2
31,354,4
31,364,2
31,308,1
31,262,4
31,7,1
31,321,5
31,284,4
31,58,5
31,128,2
31,318,5
32,81,5
32,275,3
32,381,1
32,35,2
32,187,3
32,70,5
32,228,3
32,284,5
32,364,2
32,76,2
32,116,4
32,130,1
32,183,3
32,216,4
32,139,3
32,351,4
32,279,5
32,53,5
32,20,1
32,249,2
32,50,2
32,83,5
32,120,2
32,355,2
33,89,4
33,62,1
33,21,1
33,333,1
33,202,1
33,28,4
33,270,2
33,98,5
33,232,1
33,104,3
33,79,5
33,385,1
33,212,5
33,195,3
33,60,5
33,290,3
33,281,3
33,263,1
33,47,5
33,219,2
34,156,4
34,233,4
34,7,4
34,129,3
34,229,1
34,100,2
34,85,3
34,383,5
34,351,1
34,391,2
34,200,4
34,293,1
34,167,4
34,61,3
34,269,2
34,376,5
34,274,5
34,190,3
34,202,3
34,336,5
34,152,1
34,191,2
34,342,3
34,377,3
34,228,3
34,120,2
34,209,1
34,123,4
34,24,1
34,264,1
34,121,1
34,91,2
34,304,4
34,223,1
35,35,5
35,258,2
35,321,3
35,216,3
35,201,5
35,243,4
35,212,4
35,115,4
35,368,5
35,383,2
35,375,4
35,29,1
35,268,3
35,105,1
35,67,4
35,372,4
35,20,2
35,302,5
35,371,3
35,393,4
35,84,5
35,53,5
35,394,4
35,124,5
35,163,5
35,194,1
35,238,4
35,152,3
35,265,5
35,103,3
35,352,2
35,272,3
35,123,5
35,112,5
35,26,3
35,316,3
35,232,5
35,234,2
35,382,5
35,68,5
35,355,4
35,301,5
35,366,1
35,309,2
35,239,1
35,132,2
35,76,5
35,227,3
35,284,2
35,387,5
36,311,2
36,327,1
36,203,1
36,21,5
36,67,5
36,271,3
36,217,4
36,158,3
36,346,2
36,20,3
36,138,5
36,188,2
36,254,3
36,394,4
36,253,1
36,277,1
36,363,1
36,71,5
36,206,2
36,391,3
36,91,1
36,321,5
36,74,2
36,276,5
36,293,2
36,92,4
36,151,1
36,228,4
36,161,3
36,246,2
36,143,2
36,114,2
36,298,2
36,106,3
36,269,5
36,180,1
36,115,4
36,93,4
36,121,3
36,79,4
36,273,5
36,280,5
36,39,1
36,370,2
36,309,4
36,204,3
36,240,5
36,357,4
36,56,4
36,247,5
36,162,2
37,171,4
37,109,3
37,41,3
37,345,4
37,3,3
37,223,4
37,63,4
37,73,3
37,295,3
37,24,1
37,332,5
37,43,1
37,385,3
37,84,4
37,241,3
37,296,3
37,162,2
37,71,5
37,104,4
37,159,4
37,124,4
38,95,4
38,186,4
38,382,5
38,246,2
38,396,3
38,35,5
38,115,4
38,263,2
38,197,5
38,134,2
38,105,1
38,6,1
38,64,3
39,278,3
39,77,1
39,383,3
39,237,5
39,91,2
39,301,4
39,373,5
39,357,5
39,72,5
39,111,1
39,152,5
39,188,4
39,59,5
39,155,3
39,192,5
39,230,4
39,254,3
39,216,4
39,3,5
39,183,5
39,68,4
39,196,4
39,400,1
39,270,5
39,191,1
39,249,1
39,170,1
39,99,1
39,79,5
39,396,5
39,313,1
39,306,1
39,148,2
39,233,3
39,350,3
39,385,3
39,182,5
39,223,4
39,252,1
39,81,5
39,69,1
39,114,3
39,376,1
39,399,5
39,10,3
39,38,3
39,180,1
39,337,5
40,108,3
40,353,1
40,162,1
40,290,3
40,281,3
40,251,1
40,196,3
40,157,3
40,40,2
40,377,5
40,156,4
40,127,3
40,242,1
40,319,5
40,82,4
40,167,2
40,231,1
40,283,5
40,203,1
40,253,5
40,227,2
40,254,2
40,34,4
41,379,1
41,46,2
41,273,4
41,391,2
41,333,4
41,164,5
41,190,1
41,179,3
41,389,2
41,294,2
41,167,1
41,345,5
41,160,1
41,226,4
41,330,3
41,80,1
41,292,1
41,290,5
41,272,5
41,181,5
41,234,1
41,53,2
42,377,2
42,358,2
42,6,2
42,86,5
42,103,1
42,132,5
42,138,5
42,163,2
42,353,3
42,251,3
42,193,2
42,337,1
42,216,1
42,119,3
42,259,1
42,320,2
42,383,1
42,174,2
42,305,1
42,299,5
42,298,1
43,10,3
43,347,1
43,161,4
43,28,2
43,267,5
43,133,4
43,159,2
43,138,1
43,353,4
43,189,1
43,350,1
43,32,2
43,106,4
43,20,2
43,162,5
43,248,4
43,52,4
43,75,2
43,58,4
43,211,3
43,318,5
43,252,5
43,41,4
43,337,4
43,146,5
43,222,4
43,280,2
43,259,5
43,77,1
43,327,1
43,263,2
43,65,3
43,172,3
43,166,1
43,242,3
43,303,5
43,160,4
43,230,2
44,213,5
44,305,4
44,183,3
44,209,3
44,389,2
44,71,5
44,8,4
44,199,2
44,134,4
44,102,1
44,378,1
44,77,2
44,133,1
44,260,2
44,216,2
44,301,5
44,142,5
44,151,1
44,174,5
44,187,3
44,233,1
45,41,1
45,261,1
45,50,1
45,244,2
45,129,3
45,365,1
45,42,5
45,361,3
45,60,4
45,134,5
45,386,2
45,127,1
45,172,2
45,131,3
45,317,4
45,298,5
45,38,4
45,34,5
45,188,3
45,77,1
45,163,2
45,51,4
45,376,5
45,256,4
45,346,1
45,7,3
45,147,5
45,385,1
45,314,2
45,264,1
45,84,2
45,27,4
45,216,1
45,161,5
45,284,3
45,293,2
45,119,3
45,142,2
46,219,1
46,227,2
46,303,5
46,363,5
46,325,2
46,228,2
46,122,1
46,342,5
46,243,2
46,80,1
46,152,2
46,217,3
46,61,5
46,161,3
46,388,3
46,93,4
46,168,4
46,230,3
46,167,1
46,346,1
46,27,5
46,254,3
46,67,4
46,264,4
47,163,4
47,64,2
47,133,1
47,136,5
47,36,5
47,160,2
47,389,4
47,40,5
47,122,2
47,131,3
47,173,3
47,96,3
47,268,1
47,285,3
47,44,3
47,180,2
47,166,2
47,252,3
47,387,4
47,384,2
47,78,5
47,68,2
47,202,5
47,88,2
47,195,1
47,234,5
47,215,4
47,109,3
47,176,4
48,107,4
48,239,2
48,6,1
48,211,1
48,280,4
48,234,4
48,400,5
48,350,3
48,376,1
48,212,2
48,268,5
48,298,4
48,192,3
48,125,2
48,326,4
48,71,3
48,150,3
48,4,1
48,168,2
48,293,5
48,232,1
48,95,5
48,121,4
48,96,5
49,223,2
49,359,1
49,373,3
49,331,4
49,87,3
49,222,1
49,361,1
49,53,3
49,347,3
49,16,5
49,372,2
49,29,2
49,246,2
49,5,3
49,284,5
49,194,3
49,51,4
49,209,1
49,93,5
49,321,3
49,157,1
49,250,5
49,274,4
49,350,3
49,178,3
49,95,2
49,137,1
49,207,1
49,162,2
49,138,5
49,258,3
49,126,5
49,114,2
49,298,5
49,124,2
49,25,4
49,247,1
49,388,5
49,67,3
49,68,5
49,55,4
49,367,2
49,152,2
49,66,1
49,332,3
50,219,5
50,220,3
50,376,5
50,121,2
50,387,1
50,43,3
50,328,4
50,9,3
50,91,4
50,395,2
50,161,4
50,6,1
50,200,1
50,174,5
50,356,4
50,202,4
50,12,1
50,336,3
50,272,4
50,331,5
50,218,4
50,95,4
50,60,5
50,279,2
50,144,3
50,385,3
50,222,4
50,45,3
50,177,1
50,313,3
50,29,5
50,41,4
50,332,1
50,258,1
50,59,2
50,337,4
50,154,5
50,129,3
50,249,4
50,68,4
50,273,3
50,377,2
50,242,3
50,87,1
50,384,1
50,159,2
51,221,3
51,83,2
51,367,1
51,222,5
51,265,3
51,223,4
51,72,1
51,165,4
51,355,3
51,248,1
51,56,5
51,22,1
51,282,1
51,101,3
51,290,5
51,133,4
51,273,5
51,19,2
51,230,5
51,305,3
51,354,1
51,67,1
51,311,1
51,280,2
51,210,5
51,292,4
51,75,5
51,13,5
51,96,1
51,40,3
51,73,1
51,139,1
51,250,1
51,359,5
51,208,5
52,270,3
52,282,4
52,364,5
52,242,4
52,370,3
52,247,1
52,239,1
52,211,3
52,107,1
52,231,4
52,394,2
52,87,2
52,102,1
52,219,1
52,127,1
52,324,3
52,89,3
52,105,1
52,58,2
52,334,2
52,178,5
52,71,2
52,285,1
52,93,3
52,236,1
52,162,4
52,176,5
52,151,4
52,192,5
52,227,3
52,310,2
52,344,3
52,190,2
52,175,2
52,316,2
52,376,2
53,249,4
53,162,4
53,306,2
53,397,2
53,290,4
53,59,4
53,196,3
53,60,1
53,37,5
53,364,5
53,282,3
53,373,2
53,74,3
53,12,5
53,268,5
53,157,2
53,338,5
53,192,2
53,393,5
53,6,2
53,380,4
53,137,5
53,72,2
53,320,1
53,65,3
53,33,4
53,58,5
53,354,4
53,362,2
53,319,5
53,142,3
53,234,3
53,379,2
53,227,4
53,376,5
53,258,1
54,272,4
54,382,1
54,65,5
54,96,2
54,37,5
54,259,4
54,5,1
54,57,2
54,225,1
54,60,4
54,125,4
54,320,2
54,231,2
54,63,3
54,206,2
54,348,4
54,195,4
54,375,4
54,150,4
54,205,3
54,185,4
54,223,3
54,51,2
54,356,2
54,264,2
54,248,5
54,87,1
54,67,4
54,179,3
54,230,4
54,132,3
54,43,2
54,290,5
54,295,5
54,153,3
54,194,5
54,209,5
54,332,4
54,174,5
54,17,5
54,220,2
54,54,1
54,286,5
55,286,5
55,34,5
55,390,3
55,306,2
55,318,2
55,137,1
55,92,2
55,356,4
55,202,3
55,290,2
55,400,5
55,112,3
55,155,1
55,328,3
55,313,2
55,9,2
55,51,3
55,199,2
55,178,2
55,53,3
55,174,4
55,190,4
55,169,5
55,280,5
55,294,3
55,253,4
55,24,1
55,239,3
55,95,1
55,165,3
55,316,2
55,60,2
55,331,3
55,330,5
55,349,1
55,31,5
55,56,5
55,142,4
55,206,1
55,80,5
55,98,1
55,29,1
55,267,2
55,147,4
55,152,2
55,113,2
55,132,3
55,111,2
55,45,2
55,315,1
55,242,2
56,256,3
56,318,4
56,347,3
56,398,4
56,328,5
56,324,1
56,369,3
56,309,4
56,12,4
56,395,1
56,282,4
56,149,1
56,47,1
56,277,3
56,292,5
56,400,1
56,190,4
56,196,3
56,11,4
56,354,5
56,194,5
56,233,3
56,70,1
56,330,5
56,230,1
56,56,4
56,28,1
56,36,4
56,63,5
56,315,1
56,39,3
56,62,2
56,57,5
57,318,5
57,122,4
57,194,3
57,252,5
57,155,3
57,171,2
57,376,2
57,319,5
57,28,1
57,341,2
57,358,5
57,41,2
58,380,1
58,9,4
58,70,4
58,211,2
58,177,1
58,67,4
58,383,3
58,306,1
58,374,2
58,338,3
58,390,3
58,361,1
58,321,5
58,392,3
58,359,5
58,395,5
58,355,3
58,88,3
58,362,1
58,72,1
58,68,5
58,281,1
58,201,5
58,258,3
58,175,1
58,89,2
58,237,1
58,16,4
58,206,2
58,55,3
58,47,5
58,23,1
58,287,5
58,127,2
58,378,2
58,119,2
58,300,1
58,183,4
58,205,4
58,250,2
58,52,5
58,279,3
58,10,1
58,189,3
58,213,5
58,221,5
58,294,1
59,232,5
59,362,2
59,178,3
59,77,3
59,109,1
59,204,4
59,247,3
59,342,2
59,95,2
59,275,1
59,21,3
59,70,5
59,197,5
59,152,4
59,243,3
59,156,4
59,244,2
59,268,2
59,134,3
59,316,2
59,399,5
59,349,5
59,192,3
59,272,1
59,1,2
59,54,2
59,323,4
59,107,2
59,311,3
59,325,2
59,11,1
59,165,1
59,101,2
59,50,4
59,225,1
59,80,4
59,179,2
59,286,3
59,302,3
59,309,3
59,104,3
59,159,5
59,36,1
59,278,4
59,16,5
59,330,4
60,359,2
60,99,3
60,30,2
60,199,5
60,42,1
60,181,5
60,316,3
60,250,3
60,85,1
60,63,3
60,254,1
60,94,4
60,113,2
60,358,2
60,205,5
60,327,1
60,245,5
60,83,3
60,272,5
60,6,2
60,79,4
60,21,1
60,253,3
60,81,3
60,304,3
60,149,5
60,88,1
60,368,3
60,262,3
60,69,3
60,308,2
60,274,4
60,110,1
60,334,4
60,287,2
60,177,2
60,285,4
60,166,3
60,137,1
60,350,3
60,136,2
60,252,2
60,38,3
60,296,3
60,124,1
60,169,2
60,130,5
60,307,1
61,305,1
61,167,5
61,261,1
61,313,1
61,310,4
61,139,4
61,41,2
61,162,1
61,318,3
61,54,3
61,347,3
61,287,2
61,250,1
61,399,1
61,51,2
61,52,5
61,370,3
61,68,2
61,208,2
61,31,2
61,274,2
61,326,5
61,324,4
61,257,4
61,219,2
62,285,3
62,69,3
62,229,1
62,352,4
62,225,3
62,354,3
62,163,2
62,4,4
62,210,3
62,76,2
62,95,5
62,301,3
62,216,3
62,221,4
62,252,3
62,176,3
62,385,5
62,384,1
62,205,3
62,260,3
62,400,5
62,13,1
62,78,4
62,296,2
62,337,3
62,271,2
62,272,4
62,215,2
62,392,4
62,357,2
62,332,5
62,374,2
62,389,4
62,119,1
62,114,1
62,32,3
62,231,3
62,266,5
62,324,2
62,70,1
62,365,2
62,206,1
62,395,1
63,158,2
63,299,2
63,384,1
63,201,1
63,131,5
63,92,1
63,40,5
63,278,2
63,143,3
63,282,5
63,251,1
63,217,5
63,357,2
63,400,1
63,392,2
63,260,3
63,235,1
63,218,4
63,373,4
63,52,2
64,290,1
64,373,4
64,312,4
64,23,1
64,251,4
64,247,2
64,134,3
64,304,4
64,106,3
64,162,4
64,98,3
64,221,1
64,336,1
64,240,3
64,329,1
64,41,3
64,271,2
64,372,4
64,210,5
64,8,1
64,150,3
64,5,2
64,127,1
64,125,3
64,16,3
64,50,4
64,108,2
64,384,2
64,383,3
64,175,1
64,299,5
64,38,3
64,368,3
64,216,5
64,342,4
64,39,3
64,87,1
64,223,4
64,273,5
65,42,4
65,79,1
65,212,4
65,85,3
65,221,1
65,358,5
65,92,5
65,18,4
65,249,5
65,309,3
65,338,2
65,317,4
65,182,2
65,159,5
65,101,5
65,215,5
65,28,2
65,39,4
65,27,1
65,282,4
65,379,1
65,380,3
65,193,2
65,394,1
65,6,1
65,164,4
65,278,2
65,121,3
65,270,3
65,267,3
65,14,4
65,53,4
65,189,1
65,94,2
65,166,1
65,122,1
65,154,4
65,129,2
65,190,5
65,150,1
65,247,3
65,147,5
65,265,2
65,258,1
65,252,4
66,368,5
66,337,3
66,130,3
66,286,1
66,91,3
66,68,2
66,167,2
66,174,5
66,173,4
66,200,4
66,26,3
66,244,4
66,243,4
66,323,2
66,228,5
66,309,4
66,108,5
66,121,2
66,237,2
66,260,5
66,110,1
66,370,3
66,12,5
66,179,3
66,212,5
66,128,1
66,7,5
66,89,5
66,51,2
66,374,5
66,69,1
66,155,3
66,1,4
66,304,5
67,36,5
67,319,3
67,251,1
67,240,3
67,43,1
67,124,1
67,246,5
67,24,3
67,332,1
67,347,3
67,129,4
67,157,3
67,72,1
67,122,3
67,17,3
67,391,4
67,29,1
67,27,5
67,127,3
67,242,4
67,125,4
67,322,3
67,245,5
67,263,3
67,338,1
67,312,3
67,77,2
67,379,2
67,399,4
67,360,1
67,16,4
67,166,4
67,299,1
67,54,3
67,283,3
67,330,2
67,183,2
67,73,1
67,126,5
68,328,1
68,356,1
68,166,1
68,228,4
68,376,2
68,381,1
68,188,1
68,365,1
68,142,2
68,329,3
68,343,5
68,234,1
68,226,5
68,74,1
68,361,1
68,235,1
68,52,3
68,3,1
68,67,1
68,342,4
68,399,3
68,123,2
68,145,4
68,236,4
68,16,1
68,367,4
68,333,4
68,325,5
68,271,2
68,165,4
68,175,5
68,268,4
68,344,2
68,125,3
68,339,2
68,285,3
68,278,3
68,115,1
68,77,2
68,334,2
68,350,4
68,318,5
68,387,3
68,31,4
68,237,5
68,56,5
69,226,5
69,82,3
69,297,2
69,311,1
69,118,2
69,19,5
69,85,4
69,240,4
69,130,3
69,374,3
69,303,3
69,343,2
69,169,2
69,32,3
69,387,4
69,198,5
69,99,3
69,74,2
69,141,4
69,183,5
69,108,3
69,101,3
69,24,2
69,33,2
69,13,4
69,314,3
69,273,3
69,262,5
69,247,2
69,39,3
69,14,5
69,211,3
69,122,1
69,325,3
69,180,5
69,75,3
69,220,5
69,272,4
69,348,1
69,94,3
69,161,5
69,396,3
69,288,1
69,140,3
69,53,2
69,378,1
69,177,4
70,59,1
70,385,2
70,34,2
70,137,5
70,255,2
70,287,3
70,324,1
70,76,4
70,100,3
70,198,2
70,341,1
70,49,5
70,252,1
70,342,5
70,264,1
70,210,2
70,310,2
70,120,3
70,396,4
70,136,5
70,83,4
70,184,1
70,197,5
70,353,4
70,143,3
70,395,5
70,102,5
70,393,3
70,256,3
70,347,1
71,399,1
71,396,2
71,37,5
71,274,4
71,330,1
71,261,5
71,277,4
71,331,5
71,174,1
71,214,5
71,384,2
71,356,5
71,157,2
71,185,3
71,342,5
71,160,2
71,299,5
71,390,5
71,95,3
71,133,5
71,230,2
71,126,1
71,128,2
71,355,1
71,349,5
71,105,5
71,158,2
71,111,5
71,210,1
71,114,5
71,165,4
71,142,5
71,270,1
71,247,2
71,208,4
71,4,4
71,298,1
71,61,3
71,19,3
71,322,3
71,154,5
71,101,5
71,259,3
71,381,4
71,289,3
71,20,5
71,312,2
71,395,2
72,305,4
72,386,5
72,235,5
72,324,4
72,5,5
72,319,5
72,206,4
72,159,2
72,374,4
72,250,5
72,154,1
72,263,3
72,196,3
72,309,5
72,9,5
72,230,2
72,67,4
72,114,4
72,303,3
72,111,1
72,357,3
72,222,3
72,216,1
72,278,4
72,202,5
72,12,2
72,260,4
72,26,4
72,358,5
72,23,2
72,57,1
72,370,2
72,262,4
72,21,4
72,323,4
72,274,3
72,212,4
72,223,2
72,42,5
72,107,4
72,320,4
72,153,4
72,220,1
72,84,3
72,98,1
72,363,3
72,283,3
72,103,5
72,64,5
72,146,2
72,304,3
72,226,4
72,315,5
72,286,1
73,290,1
73,333,5
73,389,1
73,96,1
73,209,1
73,70,2
73,299,3
73,366,2
73,195,5
73,257,4
73,214,4
73,160,2
73,18,4
73,45,4
73,309,3
74,397,2
74,354,2
74,70,5
74,369,1
74,106,2
74,316,4
74,194,1
74,130,5
74,47,4
74,136,1
74,181,2
74,392,1
74,141,5
74,234,2
74,275,2
74,200,3
74,355,5
74,373,2
74,87,2
74,294,5
74,154,5
74,129,4
74,40,1
74,356,3
74,389,5
74,76,2
74,78,5
74,66,4
74,105,3
74,26,2
74,178,5
74,82,2
74,104,3
74,8,1
74,237,2
74,379,3
74,350,5
74,64,3
74,174,5
74,120,3
74,363,1
74,25,5
74,69,3
74,302,3
74,248,1
74,247,5
74,303,4
74,252,1
74,213,3
74,204,3
74,58,4
74,6,3
74,305,4
75,398,1
75,365,2
75,279,1
75,245,1
75,76,2
75,175,4
75,71,5
75,25,3
75,391,2
75,348,2
75,332,3
75,295,4
75,385,3
76,315,1
76,346,2
76,211,1
76,314,2
76,283,3
76,380,4
76,359,4
76,229,5
76,78,1
76,153,5
76,33,4
76,216,3
76,180,2
76,250,4
76,392,2
76,182,3
76,291,1
76,52,4
76,297,3
76,27,3
76,237,2
76,139,1
76,371,2
76,32,2
76,65,4
76,393,3
76,385,3
76,360,2
76,196,1
76,238,1
76,236,1
76,134,1
76,327,2
76,96,3
76,191,1
76,68,2
76,399,1
76,174,1
76,146,2
77,216,5
77,318,2
77,121,2
77,316,2
77,210,2
77,176,3
77,144,5
77,8,2
77,231,3
77,154,5
77,156,1
77,87,1
77,380,4
77,214,5
77,387,4
77,325,2
77,112,5
77,294,1
77,360,1
77,357,3
77,340,3
77,381,3
77,350,1
77,211,1
77,149,3
77,106,2
77,329,4
77,94,5
77,233,5
77,246,2
77,373,5
77,110,5
77,228,1
77,386,4
77,280,1
77,356,3
77,227,4
77,223,5
77,244,2
77,91,5
77,29,5
77,16,2
77,170,5
77,389,5
77,96,5
77,34,5
77,204,4
78,393,4
78,254,1
78,165,5
78,375,3
78,298,5
78,11,1
78,370,1
78,241,1
78,50,4
78,175,2
78,88,3
78,131,3
78,35,2
79,92,1
79,128,3
79,264,4
79,351,4
79,385,3
79,165,2
79,245,4
79,322,5
79,69,3
79,177,2
79,358,1
79,355,3
79,399,2
79,132,2
79,1,3
79,2,2
79,400,3
79,168,2
79,159,1
79,240,3
79,107,4
79,139,2
79,156,5
79,53,2
79,279,1
79,361,2
80,145,1
80,289,3
80,187,5
80,162,2
80,315,4
80,3,4
80,5,1
80,168,1
80,2,2
80,388,2
80,318,1
80,107,1
80,329,3
80,376,4
80,287,4
80,349,1
80,50,3
80,285,3
80,320,4
80,299,1
80,281,4
80,220,2
80,359,2
80,307,5
80,238,4
80,203,5
80,172,1
80,10,4
80,92,4
80,327,5
80,140,5
80,323,5
80,61,3
80,71,3
80,69,1
80,4,3
80,384,5
80,211,2
80,374,4
81,237,5
81,79,1
81,288,4
81,367,1
81,91,1
81,162,1
81,135,1
81,95,3
81,38,3
81,30,1
81,273,5
81,268,2
81,240,2
81,371,1
81,399,4
81,383,2
81,284,5
81,64,4
81,27,5
81,72,2
81,329,1
81,331,2
81,377,2
81,26,5
81,222,3
81,330,5
81,58,5
81,214,4
81,157,3
81,393,4
81,318,1
81,84,5
81,166,3
82,114,2
82,259,3
82,49,4
82,397,2
82,60,1
82,219,1
82,334,4
82,91,2
82,241,1
82,350,2
82,178,2
82,309,1
82,339,2
82,39,3
82,47,1
82,94,4
82,120,1
82,325,5
82,245,1
82,59,5
82,312,4
82,17,2
82,92,4
82,84,2
82,95,2
82,85,2
83,5,5
83,197,5
83,55,5
83,240,5
83,235,2
83,290,5
83,24,1
83,365,5
83,102,3
83,398,4
83,377,3
83,9,4
83,213,1
83,304,3
83,101,1
83,58,4
83,36,3
83,156,1
83,316,2
83,265,5
83,400,4
83,195,5
83,389,3
83,50,2
83,373,3
83,309,1
83,183,3
83,214,5
83,123,4
83,182,3
83,4,1
83,117,3
83,225,5
83,359,1
83,273,1
83,355,3
83,303,1
83,88,1
83,311,2
83,382,3
83,173,1
83,212,1
83,110,5
84,308,4
84,294,4
84,156,1
84,141,1
84,231,2
84,214,4
84,396,5
84,273,5
84,390,5
84,312,3
84,296,2
84,325,3
84,162,4
84,324,5
84,215,1
84,25,1
84,233,4
84,18,2
84,307,2
84,373,1
84,151,4
84,69,5
84,138,4
84,338,2
84,322,5
84,378,3
84,300,5
84,75,4
84,298,2
84,246,3
84,251,2
84,315,2
84,265,3
84,333,5
84,282,4
84,189,5
84,129,3
84,123,5
84,29,5
84,84,5
84,275,1
84,299,2
84,106,1
84,190,2
84,120,1
84,167,5
84,209,1
84,191,2
84,274,2
84,22,5
85,7,1
85,352,4
85,116,3
85,133,1
85,224,2
85,148,1
85,319,2
85,300,4
85,73,4
85,86,1
85,366,1
85,276,3
85,346,2
85,311,3
85,258,3
85,98,2
85,291,1
85,134,4
85,243,5
85,22,3
85,96,2
85,25,1
85,88,4
85,355,4
85,233,1
85,202,2
85,83,1
85,32,3
85,216,2
85,91,3
85,370,1
85,394,2
85,74,1
85,99,1
85,339,3
85,31,2
85,61,3
85,53,4
86,70,4
86,76,3
86,282,1
86,189,4
86,64,4
86,272,3
86,140,3
86,398,2
86,54,1
86,176,3
86,150,1
86,383,5
86,27,1
86,97,1
86,89,2
86,329,5
86,311,4
86,264,1
86,365,2
86,321,3
86,108,2
86,37,3
86,253,1
86,127,1
86,373,4
86,40,4
86,222,1
86,19,2
86,105,4
86,56,1
86,182,4
86,320,2
86,232,3
86,68,4
86,375,3
86,388,5
86,352,4
86,53,2
86,393,4
86,223,5
87,176,3
87,149,1
87,373,5
87,132,2
87,99,5
87,161,1
87,377,2
87,21,5
87,122,5
87,100,4
87,108,2
87,212,1
87,278,1
87,182,3
87,339,2
87,103,3
87,256,1
87,195,2
87,252,3
87,94,3
87,388,1
87,78,3
87,120,5
87,170,2
87,112,1
87,299,4
87,337,1
87,36,1
87,191,5
87,106,5
87,102,2
87,41,1
87,77,1
87,49,1
87,162,1
87,363,1
87,115,1
87,174,5
87,205,5
87,346,2
87,300,1
87,258,5
87,319,5
87,276,3
87,192,5
87,51,1
87,384,2
87,309,2
87,5,1
87,136,5
87,302,4
88,50,4
88,114,2
88,215,1
88,368,1
88,268,4
88,333,1
88,81,2
88,262,2
88,102,2
88,244,2
88,217,4
88,10,5
88,90,5
88,397,4
88,260,4
88,220,4
88,153,2
88,353,3
88,232,1
88,79,3
88,200,4
88,155,4
89,167,5
89,221,5
89,44,1
89,146,1
89,350,5
89,147,5
89,48,1
89,178,2
89,325,1
89,107,2
89,364,5
89,285,3
89,88,1
89,322,4
89,385,5
89,206,2
89,51,3
89,64,1
89,91,1
89,19,4
89,58,4
89,332,3
89,28,2
89,132,5
89,335,4
89,174,3
89,182,2
89,281,3
89,201,2
89,75,2
89,329,3
89,369,2
89,330,1
89,223,2
89,35,2
89,383,3
89,230,4
90,49,1
90,281,3
90,184,3
90,22,1
90,9,2
90,191,1
90,202,4
90,284,4
90,207,3
90,56,2
90,400,5
90,356,3
90,164,1
90,297,2
90,3,5
90,48,4
90,270,5
90,38,5
90,32,5
90,340,2
90,244,2
90,271,4
90,66,3
90,30,2
90,78,5
90,132,2
90,2,2
90,208,2
90,352,4
90,95,5
90,357,4
90,37,5
90,44,1
90,239,5
90,126,2
90,314,2
90,113,2
90,252,5
90,206,3
90,273,1
90,396,4
90,278,3
91,30,1
91,55,4
91,283,3
91,331,4
91,128,4
91,211,3
91,316,3
91,310,3
91,59,5
91,351,3
91,198,1
91,170,2
91,148,1
91,137,2
91,104,2
91,259,2
91,15,2
91,365,4
91,301,3
91,56,3
91,41,3
91,203,4
91,230,5
91,189,5
91,214,1
91,382,4
91,357,2
91,200,4
91,278,5
91,282,1
91,235,5
91,157,1
91,178,3
91,109,1
91,111,2
91,9,3
91,116,3
91,269,4
91,94,5
91,14,5
91,51,4
91,156,4
91,236,2
91,117,5
91,69,5
91,100,2
91,134,2
91,141,3
92,228,2
92,93,3
92,175,5
92,143,4
92,358,4
92,186,4
92,255,3
92,387,2
92,311,2
92,296,2
92,114,3
92,345,4
92,98,4
92,285,2
92,35,4
92,367,5
92,362,3
92,314,1
92,58,5
92,10,3
92,371,3
92,235,1
92,271,2
92,279,5
92,23,5
92,338,4
92,240,4
92,368,5
92,46,1
92,14,2
92,145,2
92,317,1
92,73,4
92,130,1
92,344,2
92,225,2
92,118,5
92,391,3
92,141,2
92,104,2
92,330,5
92,115,2
92,68,5
92,110,3
92,7,5
92,313,5
92,392,5
92,41,5
92,291,1
92,218,1
92,245,3
92,19,4
92,278,3
92,112,2
93,354,3
93,213,2
93,265,5
93,171,5
93,362,5
93,153,1
93,388,1
93,376,3
93,11,4
93,348,3
93,147,1
93,154,1
93,297,1
93,319,1
93,336,2
93,215,1
93,353,1
93,363,1
93,27,3
93,254,3
93,241,1
93,107,5
93,238,3
93,344,4
93,97,2
93,298,4
93,272,5
93,7,3
93,151,4
93,37,1
94,40,5
94,324,5
94,135,1
94,82,4
94,336,1
94,278,5
94,346,4
94,129,5
94,4,2
94,282,1
94,253,1
94,80,1
94,388,1
94,78,5
94,76,5
94,358,2
94,50,5
94,198,4
94,297,4
94,381,2
94,32,5
94,61,4
94,292,1
94,375,3
94,71,2
94,182,1
94,284,2
94,216,2
94,46,3
94,215,3
94,44,3
94,263,5
94,43,3
94,90,5
94,176,3
94,317,1
94,203,2
94,356,4
94,383,3
94,225,2
94,67,3
95,8,5
95,123,1
95,31,5
95,311,2
95,5,5
95,193,5
95,153,2
95,105,4
95,48,4
95,332,5
95,63,4
95,360,4
95,9,2
95,294,3
95,227,1
95,147,1
95,40,2
95,62,5
95,23,5
95,234,4
95,180,4
95,43,5
95,292,5
96,103,4
96,37,5
96,232,1
96,80,4
96,371,5
96,208,5
96,268,5
96,323,3
96,172,2
96,379,2
96,381,5
96,356,5
96,251,1
96,175,5
96,361,2
96,109,3
96,310,4
96,230,2
96,47,3
96,350,1
96,322,3
96,76,1
96,345,4
96,168,1
96,31,2
96,218,4
96,128,3
96,370,1
96,120,2
96,85,5
96,33,4
96,14,4
96,252,2
96,325,4
96,305,4
96,204,5
96,185,2
96,126,2
96,66,5
96,390,3
96,358,2
96,96,2
96,157,5
96,238,5
96,25,1
97,199,3
97,194,2
97,5,3
97,318,3
97,337,1
97,152,3
97,213,2
97,68,3
97,235,1
97,21,1
97,201,2
97,35,3
97,394,3
97,300,4
97,44,1
97,60,3
97,378,5
97,330,1
97,43,1
97,309,3
97,23,3
97,352,3
97,117,2
97,196,1
98,148,1
98,155,5
98,307,5
98,232,5
98,380,2
98,159,2
98,192,5
98,215,5
98,256,4
98,224,3
98,292,3
98,54,2
98,277,1
98,351,1
98,88,1
98,366,5
98,95,3
98,114,4
98,124,1
98,231,1
98,299,4
99,91,2
99,111,1
99,210,5
99,151,2
99,163,3
99,226,2
99,224,3
99,56,5
99,45,4
99,356,5
99,378,1
99,181,4
99,332,5
99,371,1
99,139,2
99,21,5
99,44,3
99,53,3
99,86,3
99,249,1
99,313,5
99,83,1
99,238,4
99,346,3
100,245,3
100,214,2
100,108,4
100,322,3
100,163,5
100,219,4
100,356,5
100,168,3
100,11,3
100,370,5
100,94,2
100,194,1
100,162,3
100,90,4
100,173,2
100,97,1
100,242,1
100,257,2
100,110,2
100,193,3
100,318,4
100,268,1
100,124,4
100,55,4
100,43,5
100,37,2
100,116,3
100,167,4
100,123,5
100,134,2
100,28,5
100,174,4
100,38,1
100,8,3
100,312,4
100,388,4
100,271,2
100,371,1
100,136,5
100,398,5
100,320,2
100,198,1
100,289,4
100,52,2
101,375,1
101,35,5
101,209,5
101,40,1
101,290,1
101,351,5
101,137,5
101,191,2
101,380,5
101,52,1
101,211,4
101,5,3
101,274,2
101,128,3
101,312,1
101,63,3
101,168,5
101,365,1
101,22,2
101,166,2
101,180,2
101,399,3
101,287,5
101,42,4
101,95,2
101,321,3
101,259,4
101,33,4
101,364,1
101,333,3
101,210,4
101,174,5
101,305,1
101,254,5
101,296,1
101,19,1
101,107,3
101,28,5
101,80,5
101,330,1
101,278,3
101,336,2
101,221,5
102,177,2
102,13,4
102,351,4
102,5,4
102,234,5
102,147,2
102,37,3
102,184,1
102,288,4
102,10,4
102,392,1
102,347,4
103,381,2
103,385,4
103,19,2
103,24,5
103,52,1
103,176,5
103,365,2
103,329,2
103,360,3
103,337,5
103,235,4
103,287,2
103,139,1
103,210,5
103,391,3
103,94,4
103,42,1
103,41,3
103,267,5
103,357,4
103,219,4
103,376,3
103,5,3
103,303,1
103,136,5
103,67,5
103,151,2
103,35,5
103,143,1
103,242,1
103,103,2
103,204,1
103,238,4
103,379,5
103,4,2
103,192,3
103,120,4
103,53,1
103,123,5
103,241,1
103,315,2
104,68,5
104,289,2
104,106,5
104,280,1
104,228,1
104,133,2
104,184,5
104,41,3
104,367,1
104,31,2
104,21,2
104,105,4
104,35,4
104,239,2
104,97,1
104,247,5
104,355,2
104,296,3
104,370,2
104,365,1
104,117,4
104,82,5
104,269,5
104,174,2
104,147,1
104,99,4
104,212,5
104,332,2
104,213,2
104,328,4
104,159,2
104,264,1
104,295,2
104,351,3
104,177,4
104,145,1
104,187,1
104,337,3
104,360,1
105,255,2
105,341,4
105,158,5
105,55,3
105,260,4
105,266,4
105,50,3
105,138,4
105,186,3
105,72,4
105,165,2
105,241,5
105,92,2
105,182,4
105,23,1
105,119,4
105,322,3
105,198,4
105,329,2
105,115,4
105,189,3
105,15,3
105,142,2
105,151,5
106,264,1
106,255,2
106,349,5
106,3,1
106,216,2
106,394,4
106,15,4
106,148,5
106,221,5
106,316,1
106,286,4
106,65,4
106,152,2
106,377,4
106,62,5
106,362,1
106,369,2
106,52,1
106,87,4
106,167,3
106,298,2
106,41,3
106,271,1
106,353,2
106,51,2
106,340,2
106,332,3
106,317,4
106,106,5
106,223,2
106,293,1
106,272,1
106,229,1
106,168,1
106,203,5
106,184,3
106,126,5
106,142,2
106,55,5
106,313,1
106,165,2
106,208,4
106,140,2
107,319,3
107,340,2
107,118,1
107,310,3
107,399,3
107,337,1
107,72,4
107,169,3
107,206,1
107,140,4
107,202,4
107,25,3
107,359,4
107,304,1
108,361,3
108,180,4
108,149,3
108,58,2
108,24,2
108,59,1
108,156,5
108,366,2
108,318,2
108,303,4
108,268,3
108,31,3
108,398,2
108,283,1
108,64,4
108,23,5
108,8,5
108,148,5
108,187,3
108,348,4
108,121,4
108,185,1
108,321,1
108,33,4
108,305,5
109,208,5
109,81,3
109,142,3
109,67,5
109,27,5
109,244,2
109,295,4
109,302,3
109,333,1
109,6,2
109,71,2
109,251,5
109,283,1
109,308,5
109,145,1
109,216,5
109,361,5
109,103,3
109,213,1
109,291,1
109,158,3
109,281,5
109,25,5
109,196,5
109,246,1
109,231,2
109,242,2
109,240,4
109,229,5
109,137,5
110,194,4
110,255,1
110,136,2
110,390,4
110,219,1
110,369,4
110,168,5
110,361,4
110,303,2
110,254,5
110,123,3
110,242,2
110,128,5
110,356,2
110,220,5
110,192,2
110,295,3
110,176,5
110,328,4
110,301,5
110,216,4
110,187,1
110,237,3
110,217,1
110,305,1
110,312,3
110,39,3
110,71,4
110,201,1
110,51,3
110,334,1
110,202,4
110,246,2
110,119,2
110,49,5
110,183,2
110,333,3
110,129,1
110,72,5
110,298,2
110,36,5
110,94,3
110,196,5
111,391,1
111,330,1
111,198,1
111,67,4
111,343,5
111,352,4
111,146,1
111,311,3
111,210,1
111,277,4
111,271,1
111,237,5
111,267,1
111,247,1
111,134,1
111,272,2
111,57,2
111,309,5
111,153,1
111,42,3
111,290,5
111,17,2
111,174,5
111,322,1
111,390,3
111,308,2
111,291,4
111,307,3
111,176,2
112,305,3
112,332,3
112,275,2
112,10,1
112,161,4
112,398,5
112,82,2
112,320,4
112,79,3
112,296,4
112,268,4
112,110,4
112,374,2
112,237,2
112,117,2
112,351,4
112,212,3
113,249,2
113,162,2
113,185,5
113,139,2
113,37,1
113,346,4
113,29,4
113,77,4
113,210,5
113,273,4
113,275,5
113,317,3
113,367,2
113,96,5
113,111,3
113,269,1
113,15,1
113,174,2
113,261,3
113,324,4
113,246,2
113,187,1
113,326,1
113,223,5
113,334,2
113,209,4
114,70,5
114,221,1
114,118,2
114,93,5
114,31,4
114,210,5
114,239,5
114,378,5
114,309,4
114,394,3
114,119,2
114,125,4
114,161,5
114,23,2
114,8,5
114,130,3
114,223,1
114,278,5
114,91,3
114,152,1
114,212,4
114,169,5
114,266,2
114,165,3
114,112,1
114,27,5
114,55,3
114,16,3
114,148,4
114,359,3
114,68,3
114,113,4
114,156,2
114,168,2
114,5,5
114,313,4
114,14,5
114,17,4
114,303,5
114,288,3
114,96,5
114,116,1
114,209,5
114,249,1
114,117,5
114,211,5
115,199,3
115,28,2
115,393,2
115,134,1
115,163,5
115,254,3
115,34,4
115,323,2
115,133,4
115,366,2
115,320,3
115,125,2
115,158,4
115,39,1
115,356,3
115,390,2
115,262,2
115,374,4
115,172,5
115,291,3
115,70,4
115,110,1
115,210,1
115,113,4
115,350,3
115,124,2
115,8,1
115,264,3
115,380,5
116,217,3
116,208,4
116,377,3
116,260,2
116,346,3
116,216,2
116,10,4
116,28,2
116,321,4
116,303,2
116,349,5
116,74,5
116,365,3
116,245,3
116,201,2
116,220,5
116,151,5
116,92,1
116,373,5
116,394,5
116,380,5
116,372,5
116,134,2
116,50,1
116,76,3
117,66,1
117,165,2
117,69,3
117,393,3
117,74,1
117,3,3
117,297,4
117,381,4
117,41,2
117,309,2
117,334,5
117,163,3
117,293,5
117,235,1
117,365,5
117,243,3
117,325,1
118,303,3
118,39,2
118,163,4
118,117,3
118,135,3
118,12,4
118,20,3
118,27,5
118,272,4
118,18,1
118,235,1
118,137,1
118,172,1
118,50,5
118,376,3
118,24,3
118,318,5
118,166,1
118,327,3
118,63,2
119,367,5
119,219,1
119,237,2
119,265,4
119,267,1
119,112,4
119,377,3
119,186,4
119,192,4
119,244,4
119,143,5
119,375,1
119,119,4
119,298,5
119,149,1
119,172,3
119,261,2
119,115,2
119,91,1
119,165,4
119,246,3
119,235,4
119,88,5
119,22,3
119,146,3
119,13,4
119,169,4
119,218,2
119,348,5
119,102,5
120,246,1
120,211,1
120,11,4
120,299,2
120,119,2
120,325,4
120,39,2
120,365,5
120,277,4
120,102,3
120,91,5
120,329,2
120,384,5
120,132,4
120,87,4
120,199,4
120,108,4
120,326,4
120,93,4
120,320,5
120,52,1
120,194,5
120,3,2
120,206,3
120,220,1
120,181,5
120,153,4
120,164,5
120,84,2
120,348,1
120,310,3
121,15,5
121,331,1
121,293,2
121,120,1
121,301,3
121,339,1
121,82,2
121,363,4
121,266,1
121,254,2
121,361,1
122,313,2
122,280,3
122,163,2
122,333,5
122,75,5
122,294,5
122,38,3
122,269,5
122,109,1
122,278,2
122,218,2
122,228,3
122,12,1
122,165,5
122,186,2
122,129,5
122,247,4
122,9,2
122,363,2
122,248,5
122,301,2
122,249,1
122,21,3
122,241,4
122,296,4
122,244,5
122,286,5
122,252,5
122,270,1
122,295,5
122,7,2
123,141,1
123,4,4
123,306,1
123,243,1
123,143,1
123,10,3
123,102,2
123,391,5
123,189,3
123,277,4
123,234,4
123,380,4
123,12,4
123,46,4
123,150,5
123,38,5
123,273,4
123,199,3
123,263,5
123,57,5
123,227,5
124,187,5
124,294,4
124,390,3
124,397,1
124,341,1
124,240,2
124,119,4
124,295,3
124,253,2
124,152,3
124,257,3
124,19,4
124,7,4
124,108,5
124,239,1
124,377,1
124,258,3
124,154,1
124,73,5
124,207,2
124,344,3
124,382,4
124,304,5
124,275,5
124,302,5
124,270,5
124,212,4
124,133,3
124,52,3
124,326,4
124,262,4
124,297,1
124,220,5
124,160,5
124,236,5
124,2,2
125,340,4
125,193,3
125,325,5
125,24,2
125,30,5
125,362,1
125,7,1
125,323,3
125,33,2
125,200,4
125,111,3
125,177,4
125,384,4
125,6,2
125,369,1
125,212,2
125,361,2
125,252,4
125,264,5
126,33,1
126,196,1
126,129,3
126,89,4
126,106,5
126,45,1
126,7,1
126,79,4
126,262,3
126,353,2
126,232,4
126,307,4
126,20,2
126,27,1
126,124,1
126,8,4
126,352,3
126,225,3
126,152,3
126,59,4
126,241,1
126,236,3
126,10,1
126,342,4
126,392,4
126,379,4
126,390,2
126,74,1
126,36,2
126,360,1
126,103,5
126,28,4
126,24,5
126,314,1
126,80,1
126,15,2
126,294,2
126,87,4
127,242,1
127,305,4
127,17,2
127,333,3
127,278,1
127,276,3
127,38,4
127,57,3
127,318,1
127,361,4
127,68,2
127,299,4
127,234,2
127,2,2
127,104,3
128,52,3
128,297,3
128,41,1
128,136,3
128,89,5
128,251,4
128,153,5
128,310,5
128,400,2
128,103,1
128,265,2
128,122,4
128,137,3
129,343,3
129,323,3
129,218,3
129,33,3
129,15,1
129,88,5
129,173,5
129,365,3
129,373,2
129,274,4
129,345,5
129,30,1
129,203,1
129,304,3
129,231,3
129,142,4
129,57,3
129,3,2
129,39,3
129,93,5
129,87,3
129,394,5
129,160,4
129,197,2
129,152,1
129,255,4
129,279,3
129,368,1
129,230,1
129,200,1
129,175,5
129,118,2
129,129,1
129,132,3
129,67,5
129,55,1
129,326,4
129,62,2
129,259,4
129,174,2
130,223,1
130,12,4
130,184,4
130,177,2
130,63,3
130,318,5
130,259,2
130,287,2
130,90,3
130,331,5
130,265,3
130,391,2
130,24,1
130,47,5
130,268,1
130,193,2
130,358,5
130,13,5
130,70,5
131,248,4
131,223,3
131,303,2
131,117,3
131,324,3
131,74,3
131,391,1
131,230,2
131,47,4
131,385,4
131,15,3
131,54,1
131,170,2
131,217,1
131,285,4
131,161,2
131,8,3
131,133,1
131,389,4
131,331,3
131,238,4
131,17,2
131,219,2
131,115,1
131,79,4
131,296,3
131,167,1
131,110,3
131,184,5
131,111,4
131,106,3
131,33,2
131,343,2
131,281,1
131,221,4
131,368,2
131,58,3
131,298,4
131,88,2
131,338,3
131,261,5
131,119,5
131,311,5
131,188,3
131,59,3
132,42,4
132,64,5
132,242,4
132,265,5
132,113,1
132,266,1
132,143,4
132,318,4
132,88,2
132,336,4
132,69,2
132,261,2
132,327,5
132,21,3
132,159,5
132,280,2
132,319,5
132,228,4
132,382,2
132,262,2
132,181,3
132,31,3
132,255,5
132,367,2
132,316,4
133,377,1
133,8,3
133,56,3
133,62,5
133,61,3
133,359,4
133,175,1
133,85,4
133,202,5
133,164,5
133,88,1
133,387,4
133,218,1
133,361,5
133,189,4
133,338,3
133,230,2
133,43,4
133,191,4
133,334,3
133,49,2
133,201,3
133,288,5
133,73,3
133,161,2
133,356,4
133,320,4
133,180,4
133,298,5
133,125,4
133,81,5
133,248,5
133,322,4
133,136,2
133,240,3
133,20,4
133,234,3
133,53,5
133,186,5
133,331,3
133,251,1
133,143,2
133,50,2
133,301,4
133,153,3
133,84,5
134,7,3
134,122,3
134,171,4
134,2,5
134,36,1
134,396,2
134,203,2
134,90,2
134,47,4
134,19,1
134,366,2
134,37,5
134,166,4
134,229,1
134,237,4
134,385,5
134,325,4
134,195,3
134,125,1
134,205,2
134,253,3
134,106,1
134,115,2
134,306,1
134,68,2
134,280,5
134,292,2
134,94,1
134,164,5
134,343,5
134,225,2
134,206,2
134,48,5
134,13,5
134,143,2
134,239,1
134,216,3
134,287,3
134,142,2
134,321,5
134,15,1
134,359,1
134,309,5
134,141,1
134,25,1
134,167,5
134,78,5
134,76,4
134,193,5
134,209,2
135,149,2
135,184,4
135,307,5
135,328,1
135,316,4
135,190,3
135,226,2
135,174,4
135,78,4
135,349,2
135,330,4
135,318,1
135,206,3
135,363,5
135,369,5
136,323,3
136,293,5
136,126,2
136,284,5
136,93,4
136,148,4
136,98,3
136,294,2
136,49,1
136,47,2
136,96,3
136,70,3
136,102,5
136,301,3
136,238,2
136,329,2
136,99,5
136,175,1
136,396,5
136,23,2
136,5,4
136,219,1
136,88,5
136,4,2
136,195,3
136,111,1
136,24,3
136,291,3
136,366,2
136,15,4
136,362,5
136,244,5
136,328,4
136,383,2
136,60,1
136,319,3
136,191,4
136,288,4
136,296,1
137,123,2
137,342,3
137,69,4
137,187,2
137,166,5
137,194,1
137,163,1
137,344,1
137,322,3
137,179,2
137,203,5
137,310,2
137,394,5
137,361,4
137,212,3
137,221,5
137,192,5
137,48,1
137,197,1
137,167,5
137,161,2
137,226,4
137,30,3
137,295,4
137,172,1
137,279,1
137,302,5
137,240,4
137,217,4
137,127,4
137,235,3
137,399,2
137,21,5
137,183,5
137,180,1
137,3,5
137,153,4
137,298,4
137,392,1
137,38,3
137,155,3
137,92,3
138,200,3
138,325,4
138,230,3
138,398,3
138,216,3
138,162,5
138,351,4
138,223,1
138,255,2
138,93,2
138,192,2
138,170,3
138,13,1
138,194,5
138,252,2
138,306,3
138,144,2
138,273,1
138,19,2
138,38,2
138,112,3
138,344,4
139,258,1
139,353,3
139,200,1
139,394,1
139,50,1
139,248,5
139,83,1
139,169,5
139,334,4
139,257,3
139,199,5
140,198,3
140,6,1
140,306,5
140,381,5
140,132,4
140,315,5
140,69,1
140,236,3
140,248,2
140,57,4
140,357,5
140,140,4
140,5,2
140,330,3
140,346,1
140,193,4
140,209,2
140,155,4
140,245,2
140,305,1
140,171,2
140,147,4
140,207,2
140,136,2
140,177,3
140,278,3
140,47,2
140,76,2
140,134,2
140,287,3
140,131,2
140,174,5
140,183,5
140,235,3
140,119,1
140,309,5
140,218,2
140,1,2
140,92,2
140,81,2
141,172,5
141,188,5
141,277,2
141,262,1
141,248,5
141,136,3
141,1,4
141,389,1
141,20,3
141,227,2
141,121,3
142,234,2
142,246,2
142,184,4
142,185,2
142,38,2
142,145,1
142,230,4
142,289,2
142,374,1
142,132,5
142,251,1
142,360,4
142,73,5
142,272,4
142,221,4
142,350,5
142,210,4
142,48,1
142,370,1
142,244,4
142,229,3
142,99,2
142,88,2
142,113,1
142,25,4
142,384,3
142,259,5
142,149,4
142,109,1
142,400,4
142,182,2
142,373,3
142,141,5
142,358,4
142,152,3
142,101,5
142,98,4
142,308,1
142,65,1
142,398,3
142,33,3
143,353,2
143,222,2
143,47,3
143,261,5
143,35,2
143,69,2
143,356,2
143,172,3
143,236,4
143,157,3
143,278,2
143,389,2
143,192,5
143,147,4
143,150,1
143,28,2
143,359,1
143,228,2
143,390,3
143,194,1
143,367,1
143,254,4
144,41,3
144,4,5
144,154,4
144,181,5
144,220,3
144,341,3
144,30,5
144,190,4
144,170,1
144,266,3
144,394,4
144,123,1
144,57,4
144,379,5
144,176,4
144,198,3
144,248,5
144,174,4
144,189,3
144,114,4
144,262,4
144,325,5
144,76,4
144,294,5
144,26,2
144,256,3
144,389,1
144,134,3
144,260,5
144,272,3
144,162,3
144,25,3
144,106,3
144,149,5
144,75,4
144,284,1
144,38,4
144,330,3
144,108,3
144,194,4
144,386,5
144,92,3
144,225,1
145,20,5
145,267,1
145,351,1
145,390,1
145,178,4
145,49,3
145,253,4
145,285,1
145,297,1
145,60,5
145,26,3
145,119,1
145,386,4
145,103,4
145,115,2
145,228,5
145,383,1
145,56,4
145,68,3
145,391,2
145,112,1
145,356,4
145,120,4
145,15,3
145,250,4
145,110,2
145,362,1
145,25,4
145,101,3
145,302,3
145,131,5
145,3,2
145,287,5
145,45,4
145,156,2
146,224,5
146,353,4
146,41,5
146,36,2
146,241,3
146,238,2
146,247,3
146,252,2
146,43,5
146,368,3
146,378,2
146,92,4
146,182,5
146,334,2
146,194,4
146,135,3
146,141,4
146,329,3
146,112,1
147,393,4
147,66,3
147,10,1
147,315,2
147,154,3
147,295,1
147,30,2
147,173,1
147,271,2
147,143,2
147,163,1
147,116,3
147,383,3
147,110,3
147,310,1
147,347,4
147,11,3
147,146,3
147,93,2
147,388,3
147,367,1
147,96,5
147,350,3
147,256,1
147,153,4
147,54,5
147,261,3
147,226,1
147,69,4
147,79,5
147,185,1
147,164,5
147,306,4
147,132,1
147,283,4
147,351,1
147,304,1
147,227,5
148,191,5
148,289,2
148,277,2
148,149,4
148,19,3
148,202,1
148,146,2
148,203,1
148,176,1
148,363,1
148,48,4
148,265,3
148,190,3
148,281,2
148,290,1
148,266,1
148,246,1
148,286,5
148,369,5
148,242,3
148,86,2
148,89,1
148,13,3
148,150,3
148,334,5
148,71,5
148,73,5
148,208,3
148,17,1
148,164,5
148,161,2
148,383,2
148,347,3
148,97,2
148,171,4
148,68,4
148,377,1
148,250,1
149,50,2
149,230,1
149,393,3
149,333,1
149,317,2
149,137,4
149,281,4
149,40,4
149,160,3
149,86,2
149,301,5
149,193,4
149,94,2
149,357,2
149,286,5
149,100,5
149,169,3
149,53,3
149,277,3
149,309,2
149,54,3
149,155,4
149,338,1
149,11,1
149,249,1
149,258,2
149,192,4
149,201,5
149,62,2
149,254,1
149,353,3
149,235,1
149,47,2
149,245,5
149,130,5
149,180,2
149,12,4
149,87,2
149,391,5
149,59,3
149,208,1
149,347,4
149,107,3
149,173,1
150,271,3
150,84,3
150,250,1
150,225,4
150,400,1
150,19,1
150,139,5
150,334,4
150,395,2
150,260,3
150,393,4
150,227,1
150,117,5
151,255,2
151,17,5
151,201,3
151,331,5
151,16,1
151,372,4
151,393,4
151,20,2
151,205,5
151,254,3
151,87,1
151,290,3
151,184,3
151,156,5
151,357,4
151,248,4
151,340,1
151,360,1
151,206,2
151,74,4
151,132,1
151,370,3
151,344,1
151,377,3
151,230,1
151,271,2
151,76,3
151,149,3
151,305,4
151,270,2
151,83,2
152,226,4
152,264,5
152,187,4
152,215,2
152,228,3
152,131,2
152,119,2
152,285,5
152,57,3
152,79,5
152,346,2
152,138,5
153,388,2
153,31,2
153,89,3
153,124,2
153,113,3
153,280,2
153,323,2
153,42,1
153,60,1
153,149,2
153,286,2
153,151,4
153,125,3
153,153,5
153,290,1
153,64,1
153,46,3
153,351,2
153,144,5
153,270,3
153,316,3
153,33,4
153,226,2
153,364,5
153,182,5
153,197,1
153,121,2
153,44,2
153,133,3
153,237,2
153,393,5
153,225,5
153,349,3
153,181,4
153,334,5
153,400,4
153,353,3
153,62,5
153,285,5
153,277,4
153,231,4
153,30,5
153,227,2
153,80,4
153,189,3
153,79,5
153,184,1
153,174,4
154,153,3
154,159,2
154,210,4
154,329,1
154,389,1
154,370,5
154,252,1
154,249,2
154,288,4
154,371,4
154,397,2
154,317,2
154,398,3
154,58,2
154,351,2
154,31,3
154,99,4
154,130,4
154,340,3
154,363,3
154,185,1
154,344,1
154,292,1
154,212,5
154,275,1
154,361,1
154,23,3
154,92,4
154,378,4
154,34,1
154,46,2
154,24,4
154,152,2
154,321,1
154,197,4
154,264,5
154,137,2
154,399,2
154,257,3
154,382,3
154,291,5
154,181,4
154,143,3
155,23,3
155,8,3
155,365,2
155,155,3
155,335,1
155,37,3
155,380,3
155,290,2
155,129,5
155,319,5
155,300,3
155,277,2
155,110,3
155,107,2
155,148,2
155,56,1
155,105,5
155,383,3
156,49,1
156,350,3
156,368,2
156,50,3
156,351,4
156,318,4
156,22,4
156,87,3
156,396,5
156,100,4
156,229,3
156,165,3
156,118,1
156,246,2
156,48,2
156,98,3
156,170,4
156,146,3
156,10,1
156,44,3
156,136,5
156,172,1
156,395,3
156,135,3
156,226,2
156,203,4
156,301,1
156,120,2
156,101,4
156,220,5
156,103,3
156,290,1
156,392,5
156,273,3
156,182,4
156,86,4
156,151,5
156,89,4
156,316,2
156,275,1
156,29,1
156,361,2
157,391,2
157,84,5
157,122,4
157,88,5
157,249,4
157,378,5
157,291,2
157,295,1
157,110,4
157,262,2
157,376,1
157,392,4
157,389,4
157,313,2
157,250,1
157,277,4
157,195,4
157,113,1
157,383,5
157,286,3
157,318,3
157,194,2
157,323,5
157,198,3
157,105,2
157,179,3
157,222,5
157,344,1
157,209,2
157,293,1
157,70,3
157,166,5
157,182,1
157,171,3
157,374,2
157,320,3
157,245,5
157,97,5
157,258,4
157,51,5
157,311,2
157,174,2
157,337,3
157,208,4
157,28,3
157,26,4
157,117,3
157,149,4
157,93,1
158,19,5
158,27,1
158,152,3
158,389,1
158,106,1
158,376,3
158,267,3
158,303,3
158,68,2
158,66,5
158,269,5
158,294,1
158,293,1
158,129,5
158,281,3
158,371,4
159,46,1
159,259,2
159,243,4
159,288,1
159,48,2
159,256,4
159,213,4
159,313,5
159,366,2
159,239,4
159,175,3
159,78,5
159,104,1
159,5,2
159,281,3
159,80,3
159,397,1
159,35,1
159,391,5
159,218,2
159,115,3
159,310,3
159,321,3
159,376,3
159,271,1
159,324,1
159,219,1
159,195,4
159,362,4
159,373,5
159,159,1
159,258,4
159,11,1
159,393,5
159,129,3
159,39,4
159,295,3
159,225,3
159,300,4
159,185,2
159,348,2
159,212,1
159,383,5
159,192,5
159,23,3
159,389,2
160,253,1
160,315,2
160,108,3
160,392,2
160,140,1
160,370,2
160,29,1
160,375,1
160,123,1
160,49,1
160,183,2
160,242,1
160,122,4
160,347,5
160,46,2
160,397,3
160,296,3
160,138,1
160,210,4
160,303,4
160,55,5
160,81,1
160,90,3
160,187,1
161,217,5
161,166,2
161,321,3
161,316,4
161,248,3
161,211,4
161,389,3
161,365,3
161,69,3
161,150,4
161,176,3
161,186,2
161,54,2
161,359,3
161,70,3
161,71,4
161,16,3
161,256,3
161,350,1
161,173,2
161,117,2
161,309,5
161,296,5
161,34,2
161,334,2
161,220,5
161,232,2
161,10,5
161,188,4
161,147,3
161,189,4
161,167,5
161,57,1
161,352,4
161,161,2
161,262,4
161,175,3
161,230,2
161,265,3
161,249,2
161,83,4
161,51,5
161,45,1
161,174,1
161,44,3
161,397,2
162,3,4
162,262,3
162,102,5
162,325,1
162,133,3
162,197,1
162,85,3
162,32,4
162,45,1
162,205,4
162,210,4
162,330,3
162,152,3
162,354,5
162,376,1
162,189,3
162,20,1
162,27,5
162,295,2
162,171,1
162,307,5
163,369,2
163,13,5
163,88,4
163,264,2
163,213,5
163,222,1
163,218,4
163,382,4
163,224,4
163,158,4
163,236,2
163,23,1
163,386,5
163,40,4
163,384,2
163,362,3
163,130,3
163,307,2
163,154,3
163,38,4
163,8,1
163,250,5
163,234,4
163,324,4
163,191,3
163,62,4
163,42,3
163,323,3
163,355,5
163,4,4
163,123,1
164,333,2
164,220,4
164,278,3
164,162,1
164,31,2
164,351,4
164,121,2
164,369,2
164,20,3
164,353,4
164,92,3
164,56,2
164,13,3
164,124,2
164,187,5
164,41,1
164,269,3
164,19,4
164,398,5
165,34,4
165,191,2
165,184,2
165,342,3
165,352,5
165,270,2
165,62,2
165,330,5
165,297,5
165,391,5
165,275,1
165,186,1
165,53,4
165,259,2
165,148,1
165,188,1
165,295,2
165,94,2
165,323,4
165,157,2
165,133,1
165,335,2
165,79,1
165,334,4
165,333,1
165,10,5
165,281,4
165,153,3
165,109,4
165,190,2
165,13,5
165,117,3
165,211,3
165,6,4
165,28,1
165,229,5
165,106,2
165,118,1
165,328,3
165,388,4
165,129,5
165,207,2
165,33,4
165,128,2
165,252,3
165,2,5
165,287,4
166,263,1
166,378,1
166,216,2
166,288,3
166,347,4
166,334,4
166,327,5
166,133,5
166,258,4
166,26,3
166,143,1
166,134,5
166,79,4
166,344,2
166,369,4
166,294,4
166,197,5
166,220,3
166,99,1
166,354,3
166,119,2
166,35,2
166,126,2
166,290,4
166,86,2
166,49,2
166,189,2
166,287,1
166,55,4
166,130,4
166,54,4
166,305,1
166,180,4
166,214,4
166,31,1
166,93,5
166,113,2
166,385,5
166,194,3
166,299,3
167,84,1
167,299,2
167,236,5
167,59,4
167,264,5
167,96,2
167,13,4
167,124,5
167,12,4
167,232,1
167,202,3
167,152,4
167,351,3
167,171,4
167,205,4
167,183,3
167,225,1
167,133,4
167,397,5
167,359,4
167,56,1
167,166,5
167,286,3
167,143,2
167,290,3
167,42,5
167,293,4
167,230,5
167,157,4
167,55,4
167,276,4
167,29,5
167,332,2
168,9,3
168,349,2
168,337,5
168,4,2
168,102,1
168,109,1
168,383,5
168,288,4
168,375,2
168,344,2
168,252,3
168,147,2
168,367,3
168,218,5
168,54,2
168,20,1
168,325,5
169,13,3
169,302,2
169,270,3
169,337,4
169,220,4
169,98,4
169,225,4
169,42,4
169,360,3
169,389,4
169,48,2
169,137,2
169,101,3
169,349,1
169,74,5
169,38,1
169,54,4
169,66,2
169,211,2
169,219,5
169,106,1
169,235,1
169,140,5
169,131,4
169,105,3
169,153,2
169,146,4
169,329,2
169,10,1
169,241,3
169,294,1
169,384,3
169,168,1
169,393,5
169,72,4
169,130,2
169,366,5
169,292,2
169,29,5
169,318,2
169,82,4
170,145,5
170,249,5
170,17,5
170,400,3
170,381,2
170,94,5
170,36,3
170,330,2
170,20,5
170,16,5
170,158,2
170,33,5
170,86,1
170,341,4
170,198,5
170,343,4
170,91,2
170,292,4
170,200,4
170,283,5
170,371,5
170,309,3
170,339,2
170,76,3
170,56,2
170,130,5
170,191,5
170,197,5
170,393,2
170,84,1
170,304,3
170,140,5
170,299,3
170,204,1
170,73,1
170,137,4
170,397,3
170,30,2
170,226,4
170,242,1
170,168,1
170,181,4
170,245,1
170,165,1
170,212,5
170,289,2
170,64,4
170,50,3
171,122,4
171,300,3
171,128,3
171,254,2
171,78,5
171,21,5
171,123,2
171,147,4
171,30,4
171,35,4
171,96,2
171,175,1
171,83,3
171,10,5
171,57,4
171,352,1
171,272,3
171,303,3
171,14,3
171,341,2
171,400,1
171,283,5
171,253,1
171,95,4
171,284,5
171,335,2
171,51,4
171,171,4
171,46,3
171,32,3
171,88,1
171,216,5
171,292,4
171,199,1
171,158,2
171,256,2
171,150,3
171,131,2
171,42,4
171,270,2
171,304,2
172,86,3
172,372,1
172,285,2
172,140,3
172,56,5
172,199,5
172,102,3
172,207,5
172,132,4
172,158,2
172,23,4
172,94,4
172,24,4
172,108,4
172,343,5
172,17,1
172,279,4
172,388,1
172,205,1
172,249,2
172,43,4
172,381,4
172,213,5
172,255,5
172,157,4
172,161,3
173,156,5
173,90,5
173,327,5
173,86,2
173,64,4
173,305,2
173,128,3
173,139,1
173,280,3
173,214,1
174,111,2
174,319,1
174,47,3
174,310,5
174,216,5
174,123,2
174,38,2
174,234,5
174,267,2
174,109,5
174,365,3
174,107,2
174,23,5
174,377,1
174,285,5
174,252,1
174,61,4
174,270,1
174,362,4
174,203,1
174,128,4
174,235,3
174,358,4
174,70,3
174,191,3
174,224,3
174,299,1
174,308,1
174,324,2
174,396,4
174,102,5
174,346,3
174,160,4
174,220,1
174,399,5
174,388,4
175,273,1
175,374,4
175,313,4
175,182,2
175,79,3
175,377,4
175,119,1
175,184,4
175,120,1
175,216,1
175,373,3
175,380,1
175,51,3
175,359,1
175,350,4
175,351,1
175,11,2
175,348,4
175,306,4
175,385,4
175,316,2
175,121,4
175,7,2
175,278,4
176,324,4
176,237,4
176,381,3
176,322,3
176,95,5
176,356,2
176,241,3
176,357,5
176,143,3
176,188,3
176,296,4
176,273,1
176,214,2
176,173,5
176,323,4
176,176,5
176,9,2
176,299,5
176,169,3
176,175,4
176,198,4
176,7,1
176,393,2
176,328,2
176,218,2
176,147,3
176,107,2
176,54,1
176,332,4
176,275,5
176,145,5
176,248,1
176,341,2
176,151,3
176,106,1
176,94,1
176,197,1
176,339,2
176,226,5
176,45,5
176,85,1
176,281,3
176,74,4
176,161,4
176,236,2
176,86,3
176,4,3
176,297,2
176,148,4
176,50,5
176,56,3
177,390,4
177,350,4
177,198,5
177,157,1
177,160,3
177,256,3
177,163,2
177,51,1
177,240,2
177,397,3
177,269,3
177,234,5
177,320,3
177,60,4
177,379,1
177,175,1
177,285,1
177,233,4
177,83,2
177,156,1
177,131,2
177,115,2
177,246,1
177,97,2
177,339,2
177,75,2
177,15,3
177,389,4
177,220,3
177,340,4
177,281,4
177,374,4
177,351,3
177,363,1
177,254,3
177,290,5
177,130,3
177,224,5
177,41,1
177,8,1
177,365,5
177,186,5
177,125,1
177,12,4
177,364,1
177,301,4
177,204,5
177,104,2
177,10,5
178,338,4
178,268,5
178,225,3
178,242,2
178,212,2
178,265,4
178,360,5
178,354,4
178,371,5
178,292,1
178,127,4
178,316,1
178,53,5
178,319,1
178,38,1
178,97,3
178,247,2
178,13,3
178,175,4
178,293,5
178,400,4
178,321,2
178,307,5
178,344,1
178,50,3
178,289,1
178,382,2
178,181,1
178,147,1
178,397,5
178,259,3
178,149,1
178,29,3
178,67,2
179,13,2
179,377,3
179,218,1
179,230,5
179,243,5
179,125,5
179,51,3
179,306,3
179,266,2
179,241,2
179,302,4
179,388,5
179,119,3
179,130,2
179,269,2
179,209,4
179,309,1
179,285,5
179,123,2
179,39,1
179,284,2
179,74,1
179,197,4
179,342,5
179,224,4
179,396,1
179,313,1
179,281,1
179,35,5
179,324,5
179,367,2
179,174,5
179,287,4
179,317,3
179,28,2
179,363,2
179,390,4
179,304,1
179,170,1
179,88,3
179,148,1
179,122,2
179,264,4
179,168,1
179,356,2
179,255,5
179,9,5
179,127,2
180,110,1
180,81,3
180,137,2
180,178,5
180,44,5
180,156,2
180,386,4
180,194,3
180,222,4
180,50,3
181,142,3
181,4,3
181,341,1
181,397,5
181,232,4
181,210,2
181,340,2
181,146,2
181,273,2
181,95,4
181,12,4
181,119,3
181,14,3
181,133,3
181,250,5
181,224,1
181,8,3
181,182,1
181,190,4
181,103,2
181,125,5
181,300,5
181,351,2
181,156,3
181,187,3
181,109,2
181,349,1
181,359,1
181,185,5
181,173,1
181,168,3
181,245,1
181,247,4
181,45,5
181,332,3
181,113,5
181,28,1
181,81,5
181,25,1
181,159,5
181,365,1
181,37,3
181,16,3
182,41,1
182,137,2
182,359,5
182,319,3
182,331,5
182,82,2
182,37,5
182,57,3
182,160,2
182,44,1
182,168,4
182,63,2
182,58,2
182,126,1
182,200,4
182,374,2
182,214,5
182,54,1
182,265,2
182,3,3
182,300,4
182,295,3
182,9,1
182,112,5
182,247,3
182,303,4
182,121,5
182,348,2
182,298,5
182,155,2
182,341,5
182,203,4
182,134,3
182,90,5
182,136,3
182,371,2
182,192,2
182,361,3
182,156,1
182,103,5
183,107,2
183,234,2
183,261,3
183,236,3
183,55,5
183,165,4
183,219,1
183,185,5
183,314,4
183,336,2
183,396,2
183,61,3
183,345,3
183,168,1
183,12,5
183,142,1
183,124,1
183,74,4
183,357,5
183,276,4
183,58,5
183,376,1
183,28,4
183,18,3
184,148,2
184,383,4
184,200,2
184,298,1
184,8,4
184,354,5
184,326,5
184,363,3
184,342,4
184,264,5
184,278,3
184,40,5
184,213,2
184,373,2
184,211,4
184,168,1
184,305,3
184,74,1
184,203,1
184,273,3
184,236,1
184,317,3
184,384,5
184,173,3
184,281,5
184,365,3
184,101,2
184,372,4
184,390,5
184,337,3
184,328,5
184,225,3
184,369,1
185,163,1
185,184,1
185,324,2
185,92,1
185,237,4
185,277,2
185,293,2
185,210,5
185,103,1
185,165,2
185,261,5
185,372,5
185,242,3
185,399,1
185,314,1
185,111,2
185,340,5
185,258,3
185,34,4
185,194,3
185,169,3
185,61,3
185,188,4
185,400,4
185,193,5
185,127,4
185,37,5
185,211,2
185,368,4
185,174,1
185,392,5
185,250,4
185,309,3
185,396,3
185,205,3
185,129,1
185,121,5
185,76,5
185,380,5
185,19,1
185,306,4
186,273,5
186,321,1
186,301,1
186,267,1
186,236,5
186,359,4
186,36,1
186,232,1
186,225,5
186,369,1
186,374,3
186,238,2
186,244,4
186,240,3
186,33,3
186,383,4
186,147,5
186,186,1
186,239,1
186,148,2
186,135,3
186,318,4
186,327,1
186,122,1
186,166,3
186,178,5
186,57,2
186,137,2
186,381,3
186,184,4
186,202,2
186,224,1
186,25,2
186,390,5
186,351,5
186,40,5
186,64,1
186,188,2
186,393,2
186,190,2
186,291,3
186,397,2
186,302,5
186,85,3
186,370,2
186,377,1
186,349,3
186,255,3
186,183,2
187,124,1
187,4,5
187,317,1
187,233,5
187,154,3
187,332,2
187,275,1
187,245,2
187,30,4
187,109,5
187,260,4
187,167,1
187,153,1
187,70,5
187,66,3
187,340,2
187,176,3
187,146,3
187,142,1
187,21,3
187,91,4
187,42,5
187,315,2
187,268,5
187,339,2
187,207,2
187,320,5
187,302,4
187,248,4
187,170,1
187,397,3
187,364,4
187,192,4
187,81,2
187,41,3
188,57,5
188,96,5
188,88,2
188,386,5
188,24,1
188,309,2
188,207,1
188,365,2
188,262,5
188,83,1
189,207,5
189,264,2
189,309,1
189,25,1
189,263,5
189,330,3
189,101,3
189,120,4
189,318,5
189,98,3
189,50,3
189,52,5
189,141,5
189,294,3
189,223,1
189,149,2
189,121,4
189,38,1
189,80,1
189,95,1
189,35,4
189,20,1
189,232,2
189,376,5
189,88,5
189,142,3
189,125,3
189,115,2
189,158,1
189,182,2
189,267,1
189,192,1
189,249,2
189,332,2
189,320,1
189,296,3
189,245,2
189,105,3
189,189,5
189,244,5
189,179,3
189,104,2
189,255,1
189,154,3
189,269,5
189,293,2
189,254,1
189,46,4
189,130,1
189,144,3
189,55,1
190,88,4
190,45,3
190,24,4
190,77,2
190,167,4
190,316,4
190,146,1
190,273,2
190,346,3
190,334,2
190,180,1
190,213,1
190,86,2
190,210,1
190,55,4
190,255,2
190,370,1
190,21,4
190,173,2
190,217,1
190,128,4
190,360,2
190,332,5
191,74,3
191,400,5
191,319,5
191,247,3
191,335,3
191,321,5
191,399,1
191,98,5
191,357,3
191,14,1
191,76,4
191,370,4
191,166,3
191,375,1
191,143,2
191,152,3
191,101,5
191,273,2
191,253,3
191,209,3
191,291,3
191,281,3
191,200,3
191,393,4
191,17,1
191,264,3
191,122,2
191,386,2
191,68,3
191,363,2
191,329,4
191,136,4
191,308,1
191,109,3
191,64,5
191,347,4
191,367,2
191,352,5
191,48,4
191,36,2
191,389,4
191,11,1
191,359,3
192,180,5
192,324,3
192,167,4
192,283,3
192,326,1
192,51,3
192,348,2
192,257,2
192,355,4
192,24,1
192,378,4
192,327,5
192,62,2
192,377,1
192,159,1
192,96,2
192,105,1
192,44,2
192,183,2
192,171,3
192,169,5
192,297,2
192,398,1
192,185,1
192,218,3
192,184,3
192,86,1
192,144,3
192,232,1
192,229,3
193,284,3
193,33,3
193,30,5
193,43,3
193,274,3
193,170,2
193,106,1
193,314,1
193,146,2
193,292,2
193,10,2
193,204,1
193,2,2
193,394,4
193,332,1
193,234,1
193,157,3
193,96,2
193,131,4
193,129,1
193,384,4
193,251,5
193,179,2
193,174,5
193,155,1
193,390,2
194,190,4
194,249,1
194,340,3
194,216,3
194,318,5
194,261,3
194,197,3
194,193,4
194,169,4
194,125,2
194,323,2
194,178,2
194,159,3
194,95,1
194,331,2
194,69,5
194,372,3
194,194,3
194,2,2
194,346,2
194,139,5
194,113,3
195,359,1
195,142,1
195,361,5
195,298,1
195,385,5
195,37,4
195,392,1
195,341,4
195,356,4
195,165,1
195,213,2
196,107,4
196,184,1
196,82,3
196,256,2
196,118,4
196,320,3
196,179,5
196,314,4
196,383,5
196,146,5
196,162,4
196,290,1
196,141,4
196,225,5
196,398,2
196,159,5
196,56,3
196,213,5
196,208,4
196,128,1
196,220,1
196,166,2
196,51,3
196,236,2
196,317,1
196,254,3
196,296,3
196,195,3
196,334,1
196,101,5
196,335,2
196,36,1
196,392,1
196,325,5
196,343,2
196,20,2
196,231,1
196,110,5
196,202,5
196,282,1
196,85,5
196,60,1
196,168,5
196,156,1
196,365,2
196,192,5
196,352,2
196,224,4
197,318,1
197,101,2
197,379,2
197,157,4
197,146,4
197,239,1
197,132,5
197,163,2
197,126,1
197,238,1
197,211,1
197,55,5
197,13,1
197,115,3
197,334,4
197,309,3
197,155,4
197,50,2
197,339,5
197,124,4
197,74,1
197,350,4
197,71,5
197,358,5
197,188,5
197,236,1
197,10,4
197,305,5
197,396,2
197,171,3
197,131,3
197,12,1
197,52,5
197,22,5
197,312,4
197,14,4
197,60,4
197,189,3
197,326,1
197,172,2
197,368,4
197,83,3
197,33,3
197,190,5
197,34,3
197,3,2
197,220,2
197,201,2
197,95,1
198,260,1
198,324,4
198,346,4
198,77,3
198,307,4
198,129,1
198,195,1
198,158,2
198,68,2
198,249,2
198,32,5
198,180,3
198,159,4
198,351,1
198,25,5
198,97,5
198,92,5
198,224,5
198,188,3
198,177,1
198,291,2
198,347,4
198,257,2
198,43,3
198,214,5
198,134,1
198,15,4
198,47,3
198,65,3
198,226,5
198,356,2
198,55,2
198,2,1
198,149,1
198,138,4
198,7,1
198,254,4
198,26,3
198,148,4
198,34,5
198,293,1
198,258,4
198,189,5
198,14,4
198,153,1
198,340,3
198,395,3
198,46,4
198,185,2
198,104,4
198,67,1
198,223,2
199,271,2
199,64,3
199,175,4
199,40,3
199,114,3
199,289,4
199,226,5
199,91,1
199,84,4
199,268,5
199,206,1
199,286,1
199,336,5
199,275,3
199,10,2
199,76,2
199,360,5
199,321,5
199,400,5
199,250,3
199,190,1
200,305,3
200,306,5
200,380,3
200,209,3
200,398,5
200,191,4
200,1,2
200,263,3
200,268,2
200,354,2
200,279,4
200,336,5
200,65,5
200,352,3
200,312,5
200,227,5
200,129,4
200,82,4
200,189,2
200,172,5
200,21,1
200,218,1
200,150,5
200,322,5
200,349,4
200,154,1
200,244,4
200,295,4
200,24,3
200,35,1
200,331,5
200,127,4
200,171,3
200,142,1
200,100,3
